ID,LOCATION,OCT,NOV,DEC,JAN,FEB,MAR,APR,MAY,JUN,JUL,AUG,SEP,WY Total,Pct Avg to Date
ASHO3,ASHLAND,1.88,2.15,4.03,1.52,1.19,4.55,3.75,3.03,1.90,0.34,0.00,0.05,24.39,123
CVJO3,CAVE JUNCTION,6.09,6.62,15.92,2.75,7.19,13.73,3.88,2.65,0.99,0.59,0.00,0.05,60.46,97
GOLO3,GOLD BEACH,5.89,11.78,16.28,6.22,7.48,23.11,8.93,5.55,1.13,0.13,0.00,0.61,87.11,110
GPSO3,GRANTS PASS KAJO,3.34,4.25,10.17,1.97,3.90,8.43,2.86,2.08,1.63,1.48,0.01,0.01,40.13,129
GSPO3,GREEN SPRINGS PP,2.65,3.69,4.24,1.42,2.19,5.93,2.09,2.94,1.87,0.77,0.00,0.08,27.87,121
LEMO3,LEMOLO LAKE,7.96,10.12,16.50,7.78,5.75,13.10,9.07,4.94,2.64,1.71,0.03,0.20,79.80,122
MFR,MEDFORD,2.06,1.95,4.31,1.73,1.23,4.26,2.12,2.20,0.69,0.60,0.00,0.01,21.16,115
OTH,NORTH BEND,4.73,7.51,10.20,3.73,6.25,8.85,5.17,2.66,1.17,0.15,0.00,0.20,50.62,79
PRSO3,PROSPECT 2SW,4.43,5.14,10.19,4.94,3.29,9.77,7.14,3.67,1.79,0.23,0.00,0.12,50.71,120
RIDO3,RIDDLE,3.09,3.80,7.01,1.89,3.72,6.65,3.64,2.52,1.43,1.48,0.01,0.00,35.24,112
ROGO3,ROSEBURG,3.23,5.25,7.84,2.30,4.27,7.12,4.62,3.21,1.74,1.91,0.00,0.05,41.54,123
SXT,SEXTON SUMMIT,4.35,6.08,4.79,2.78,5.41,11.44,4.20,2.74,1.55,0.78,0.07,0.50,44.69,135
TKFO3,TOKETEE FALLS,5.01,5.87,11.34,4.81,4.61,10.35,7.29,4.90,1.78,1.63,0.01,0.10,57.70,118
WINO3,WINCHESTER DAM,3.40,5.93,7.74,2.20,4.05,6.69,4.28,3.59,1.54,1.46,0.00,0.00,40.88,114
WLMO3,WILLIAMS,3.89,3.47,8.64,2.12,3.41,7.90,2.36,1.79,0.80,0.57,0.00,0.01,34.96,107
HMRO3,HART MOUNTAIN REF,1.60,2.01,1.65,0.66,1.57,2.63,3.12,2.49,0.93,0.14,0.00,0.00,16.80,132
PASO3,PAISLEY,1.70,0.48,2.32,0.11,0.98,1.88,1.46,1.15,0.50,0.10,0.82,0.24,11.74,109
SMMO3,SUMMER LAKE,2.15,1.34,3.52,0.38,1.29,3.10,2.13,1.17,0.50,0.13,0.11,0.01,15.83,124
SVLO3,SILVER LAKE,0.92,1.04,1.47,0.41,0.98,1.72,0.74,1.29,0.48,0.17,0.05,0.04,9.31,95
CEC,CRESCENT CITY ASOS,6.59,8.33,13.59,3.65,5.31,14.36,5.68,4.67,1.33,0.44,0.04,0.04,64.03,NA
CECC1,CRESCENT CITY 3NNW,7.70,9.68,18.17,4.69,6.14,19.00,7.24,4.85,1.37,0.34,0.05,0.46,79.69,119
EKA,EUREKA,4.26,4.69,10.08,2.23,3.62,11.88,4.07,1.43,1.29,0.17,0.04,0.37,44.13,116
FRBC1,FT BRAGG 5N,7.66,4.29,11.59,1.88,4.40,13.55,2.05,2.08,1.24,0.35,0.02,0.30,49.41,121
GASC1,GASQUET RS,8.40,12.42,25.00,4.91,9.53,26.47,10.25,4.67,1.62,0.39,0.00,0.34,104.00,113
SCOC1,SCOTIA,4.16,4.94,14.02,1.73,5.70,15.08,3.89,2.34,1.11,0.24,0.01,0.19,53.41,110
WTSC1,WILLITS 1NE,10.14,6.12,12.24,2.42,6.32,13.99,1.66,2.67,2.45,0.00,0.02,0.07,58.10,117
BLIO3,BLY 4SE,1.84,1.61,3.22,0.49,0.95,2.67,2.25,1.45,0.90,0.13,0.00,0.13,15.64,NA
CHEO3,CHEMULT,4.19,3.03,8.42,2.08,2.75,5.90,1.52,1.26,0.94,1.00,0.28,0.37,31.74,124
CHQO3,CHILOQUIN 7NW,3.55,2.74,7.33,2.74,0.97,5.06,2.12,2.07,0.90,0.55,0.01,0.05,28.09,141
CRLO3,CRATER LAKE NP,7.59,9.04,15.85,7.65,5.91,16.75,10.65,6.21,2.53,1.33,0.11,0.87,84.49,126
GBZO3,GERBER,2.00,2.90,4.50,1.00,1.60,4.00,2.50,1.90,0.50,0.20,0.00,0.00,21.10,116
HOWO3,HOWARD PRAIRIE,4.32,4.21,7.22,2.41,3.20,8.54,3.43,3.14,2.09,1.98,0.02,0.05,40.61,125
KENO3,KENO,2.76,2.29,4.84,0.94,5.09,4.10,1.98,0.80,0.24,0.30,0.00,0.30,23.64,117
LMT,KLAMATH FALLS,1.24,1.24,2.62,0.66,0.76,1.75,1.29,0.61,0.23,0.30,0.00,0.00,10.70,77
CHNC1,CALLAHAN,4.34,1.66,5.65,0.91,1.06,5.42,0.96,1.54,1.42,0.42,0.23,0.09,23.70,112
COPC1,COPCO #1 DAM,3.24,5.75,4.87,1.09,3.11,5.77,2.03,1.64,1.41,0.60,0.24,0.03,29.78,145
FOJC1,FORT JONES,3.25,2.64,4.94,1.08,1.53,5.13,0.77,1.76,1.60,0.36,0.00,0.13,23.19,106
HPYC1,HAPPY CAMP,4.35,6.33,14.47,2.73,4.95,13.10,3.01,1.89,1.00,0.22,0.00,0.28,52.33,102
MTHC1,MT. HEBRON RS,2.21,0.72,2.21,0.60,0.87,2.34,0.56,0.24,0.18,0.20,0.02,0.05,10.20,80
ORLC1,ORLEANS,9.38,6.16,13.34,3.25,4.64,12.93,4.98,2.11,1.70,0.16,0.00,0.22,58.87,112
STGC1,LAVA BEDS NM,1.28,1.01,2.35,0.18,2.51,2.95,2.05,0.38,0.06,0.69,0.00,0.14,13.60,90
TULC1,TULE LAKE,1.09,0.92,2.41,0.72,1.12,1.51,1.17,0.42,0.17,0.13,0.00,0.20,9.86,87
WEAC1,WEAVERVILLE,9.15,4.51,9.44,2.50,3.01,10.74,2.25,3.15,2.20,0.28,0.00,0.09,47.32,123
WLLC1,WILLOW CREEK 1NW,9.37,6.98,12.72,3.14,4.80,11.51,3.63,2.42,1.53,0.15,0.00,0.17,56.42,104
YKAC1,YREKA,3.39,2.32,4.19,1.05,1.19,5.41,0.89,1.50,1.33,1.09,0.06,0.05,22.47,114
PORC1,POTTER VALLEY PH,10.77,6.00,10.03,2.75,7.22,15.02,1.10,3.33,1.70,0.00,0.00,0.00,57.92,128
SFOC1,DOWNTOWN SAN FRANCISCO,1.81,3.10,6.71,1.55,4.94,7.02,0.56,1.13,2.02,0.08,0.03,0.00,28.95,130
UKI,UKIAH ASOS,6.85,3.83,8.88,1.98,4.48,11.56,0.71,1.59,1.72,0.01,0.00,0.01,41.62,NA
AUBC1,AUBURN,3.19,4.80,10.69,2.25,6.32,12.13,0.58,2.67,2.97,0.00,0.00,0.00,45.60,125
BNYC1,BURNEY,2.90,2.15,7.29,1.10,5.79,7.85,2.32,3.40,0.95,0.02,0.00,0.30,34.07,127
BUCC1,BUCKS CREEK,7.22,8.44,19.29,2.32,9.81,23.01,3.96,6.13,3.91,0.00,0.00,0.04,84.13,121
BUKC1,BUCKHORN,8.56,7.92,20.30,2.13,10.61,21.09,6.45,6.67,3.83,0.40,0.00,0.53,88.49,133
CANC1,CANYON DAM,4.60,5.28,12.27,1.05,7.77,9.92,2.42,3.73,2.92,0.00,0.00,0.24,50.20,133
CHEC1,CHESTER,4.64,4.00,9.36,0.99,5.34,9.70,2.07,2.34,2.17,0.00,0.00,0.02,40.63,123
CHUC1,CHICO UNIVERSITY FARM,2.55,3.23,4.40,3.38,3.67,5.53,0.28,3.97,1.91,0.00,0.00,0.00,28.92,110
CLGC1,COLGATE PH,7.73,6.04,14.65,2.29,6.28,12.70,1.47,2.53,1.95,0.00,0.00,0.02,55.66,135
DAVC1,DAVIS EXPERIMENTAL FARM,0.91,2.11,5.49,1.89,3.47,6.35,0.08,0.96,1.73,0.00,0.00,0.01,23.00,121
DUNC1,DUNSMUIR,8.02,5.92,19.14,2.03,8.03,22.13,2.86,2.93,2.43,0.24,0.00,0.13,73.86,119
DWNC1,DOWNIEVILLE,8.51,10.60,21.52,2.67,10.20,22.69,5.49,5.21,3.78,0.00,0.00,0.39,91.06,145
GEOC1,GEORGETOWN RS,8.90,10.85,17.65,2.71,5.57,22.82,2.67,4.79,4.33,0.00,0.00,0.01,80.30,149
GRAC1,GRASS VALLEY NO. 2,8.58,8.63,17.70,2.80,7.02,19.60,2.53,3.53,2.41,0.00,0.00,0.00,72.80,137
HATC1,HAT CREEK,1.88,1.27,5.02,0.68,3.23,5.44,2.21,2.58,0.68,0.00,0.00,0.09,23.08,115
MCLC1,MCCLOUD,5.12,3.75,12.41,1.33,6.37,23.18,2.66,2.17,2.61,0.20,0.00,0.18,59.98,122
MNZC1,MANZANITA LAKE,6.15,5.30,8.85,1.28,3.44,9.49,4.93,7.09,2.38,0.00,0.00,0.00,48.91,118
ONDC1,ORLAND,2.38,1.33,4.93,1.31,2.50,5.79,0.15,2.02,1.23,0.00,0.00,0.02,21.66,99
PRAC1,PORTOLA,3.72,3.81,7.45,0.72,4.72,8.34,1.21,0.73,1.72,0.00,0.00,0.11,32.53,141
PRDC1,PARADISE,6.90,6.58,17.19,2.89,8.98,15.43,0.92,5.92,3.18,0.00,0.00,0.07,68.06,121
PTRC1,PIT RIVER PH1,1.74,1.07,4.15,0.50,2.81,4.02,1.79,2.40,0.89,0.00,0.00,0.14,19.51,103
QCYC1,QUINCY,3.75,6.06,13.82,1.60,9.11,16.02,2.57,3.04,2.66,0.00,0.00,0.10,58.73,154
RBL,RED BLUFF AP,2.08,1.27,5.55,1.27,2.03,4.60,0.44,1.71,0.89,0.00,0.00,0.12,19.96,83
SAC,SACRAMENTO AP,1.43,2.39,5.55,1.68,3.39,6.95,0.06,1.02,1.50,0.00,0.00,0.01,23.98,133
SERC1,SIERRAVILLE,4.58,3.27,8.81,0.75,3.50,9.03,1.29,0.93,2.23,0.00,0.00,0.91,35.30,134
SHDC1,SHASTA DAM,7.07,9.02,14.63,1.86,6.24,18.75,2.06,5.27,4.78,0.28,0.00,0.17,70.13,111
SLPC1,SLY PARK,9.30,9.68,16.94,2.96,5.47,17.71,2.13,5.24,2.20,0.00,0.00,0.00,71.63,NA
SMTC1,SACRAMENTO 5 ESE,1.75,2.65,5.52,1.36,3.88,7.00,0.08,1.40,1.14,0.00,0.00,0.00,24.78,125
SODC1,SODA SPRINGS,11.73,10.63,21.06,1.73,8.27,15.83,5.55,4.45,4.02,0.00,0.00,1.26,84.53,NA
STOC1,STONY GORGE,4.33,1.05,4.67,1.71,1.99,6.12,0.17,1.18,2.56,0.00,0.00,0.03,23.81,112
STYC1,STRAWBERRY VALLEY,11.95,15.16,26.65,3.20,13.10,29.30,5.54,6.04,3.27,0.00,0.00,0.20,114.41,142
VTNC1,VINTON,2.64,1.46,4.82,0.27,3.31,3.93,0.50,0.82,2.93,0.38,0.00,0.28,21.34,150
CHVC1,CHERRY VALLEY,10.01,9.34,21.05,3.54,8.78,17.77,2.14,4.34,3.60,0.00,0.00,0.70,81.27,170
CMPC1,CAMP PARDEE,2.46,4.01,6.53,2.43,4.70,6.11,0.51,1.81,1.65,0.01,0.00,0.34,30.56,133
FDDC1,FIDDLETOWN DEXTER RANCH,5.21,7.03,12.72,2.73,6.35,13.35,1.48,3.82,3.21,0.00,0.00,0.13,56.03,151
FRAC1,FRIANT GOVERNMENT CAMP,1.62,2.10,7.31,2.26,2.06,5.33,0.17,0.66,2.18,0.00,0.00,0.00,23.69,161
HETC1,HETCH HETCHY,8.83,7.85,14.64,2.40,5.54,13.14,1.82,3.21,3.56,0.00,0.00,1.99,62.98,173
LOSC1,LOS BANOS,0.54,1.55,3.92,1.61,1.53,2.32,0.09,0.34,0.70,0.00,0.00,0.00,12.60,127
MCEC1,MERCED,1.08,2.02,3.33,1.47,1.87,4.26,0.26,0.80,1.16,0.00,0.00,0.02,16.27,130
MOD,MODESTO AP,0.75,2.10,3.56,1.11,2.45,3.15,0.03,0.85,1.38,0.00,0.00,0.00,15.38,118
NOFC1,NORTH FORK RS,6.35,5.21,16.78,2.97,6.75,13.07,1.49,2.87,2.12,0.13,0.00,0.03,57.77,169
PANC1,PANOCHE 2W,0.67,1.17,3.72,1.65,2.99,3.43,0.25,0.53,0.28,0.00,0.00,0.00,14.69,139
SONC1,SONORA,4.80,7.45,10.55,2.49,5.66,12.65,0.53,2.61,1.87,0.00,0.00,0.00,48.61,148
SPGC1,SALT SPRINGS PH,7.39,7.97,14.82,2.03,6.85,17.58,2.13,3.61,3.59,0.00,0.00,0.53,66.50,144
TIGC1,TIGER CREEK PH,8.08,9.43,13.95,3.53,6.58,15.58,2.11,3.76,2.70,0.00,0.00,0.09,65.81,142
TRAC1,TRACY CARBONA,0.75,1.46,2.78,0.74,2.38,3.20,0.11,0.29,2.07,0.00,0.00,0.00,13.78,130
WSTC1,WEST POINT,6.76,8.07,16.91,2.81,6.27,14.58,1.89,3.85,2.68,0.00,0.00,0.11,63.93,175
YPQC1,YOSEMITE PARK HEADQUARTER,6.16,6.57,9.30,2.95,7.61,13.24,1.43,2.17,2.06,0.00,0.11,3.42,55.02,146
ASHC1,ASH MOUNTAIN,2.22,6.78,13.63,1.88,4.67,7.78,0.79,1.98,0.97,0.00,0.33,0.02,41.05,155
ATWC1,ATWELL CAMP,3.73,5.27,21.32,2.24,4.33,9.94,1.64,4.63,1.12,1.13,0.54,0.73,56.62,NA
BFL,BAKERSFIELD,0.59,0.84,5.82,0.40,0.49,1.67,0.21,0.23,0.08,0.00,0.00,0.00,10.33,159
BTPC1,BEAR TRAP MEADOW,3.32,6.12,24.35,5.79,3.34,18.61,4.74,4.35,1.91,1.14,0.64,1.62,75.93,NA
DNPC1,BALCH PH,5.17,3.83,21.17,3.49,4.88,11.48,1.36,2.89,1.41,0.05,0.00,0.25,55.98,181
EGCC1,EAGLE CREEK,2.22,5.61,22.42,2.63,5.61,9.53,2.52,4.52,0.21,0.92,0.34,1.24,57.77,NA
GNNC1,GLENNVILLE,0.57,1.19,0.43,1.69,2.13,4.93,0.37,2.05,0.21,0.00,0.09,0.10,13.76,69
GRGC1,GRANT GROVE,4.59,5.90,21.17,3.56,7.54,12.99,1.40,3.47,0.84,0.00,0.19,0.77,62.42,149
ISAC1,LAKE ISABELLA DAM,0.88,1.66,11.82,0.76,1.16,1.91,0.09,0.86,0.00,0.52,0.00,0.34,20.00,NA
LDGC1,LODGEPOLE,3.17,6.46,27.04,3.56,7.77,13.50,2.60,3.48,1.06,1.78,0.06,0.60,71.08,159
MNHC1,MOUNTAIN HOME,1.70,7.22,20.20,2.20,6.91,11.00,1.62,3.01,0.11,0.82,0.32,0.74,55.85,NA
PFTC1,PINE FLAT DAM,2.06,3.58,12.13,2.50,2.72,6.10,0.64,1.09,2.01,0.05,0.00,0.00,32.88,164
RGCC1,ROGERS CAMP,2.10,6.72,21.61,2.43,5.33,8.65,2.72,3.63,0.32,1.03,0.90,1.24,56.68,NA
SCSC1,LAKE SUCCESS DAM,1.37,1.98,9.20,1.63,1.36,3.56,0.72,0.58,0.25,0.00,0.06,0.00,20.71,188
TMDC1,TERMINUS DAM,3.57,3.74,9.70,1.92,1.50,4.68,0.66,0.43,0.42,0.00,0.00,0.00,26.62,NA
TREC1,THREE RIVER EDISON PH #1,1.01,4.07,12.27,2.01,3.11,6.64,0.84,1.39,0.86,0.15,0.00,0.00,32.35,133
CNGC1,COALINGA,0.04,0.33,1.63,1.32,0.14,2.28,0.05,0.24,0.05,0.00,0.00,0.01,6.09,73
FAT,FRESNO AIR TERMINAL,0.44,1.80,5.92,1.72,1.60,3.46,0.32,0.35,1.91,0.00,0.00,0.00,17.52,156
HJO,HANFORD,0.76,1.24,5.29,0.88,0.96,2.70,0.32,0.41,0.91,0.04,0.00,0.00,13.51,157
LEMC1,LEMON COVE,1.50,2.34,8.74,1.90,1.31,4.66,0.53,0.42,0.45,0.00,0.00,0.01,21.86,150
LINC1,LINDSAY,0.88,2.27,8.11,1.56,1.83,4.04,0.71,0.48,0.38,0.00,0.03,0.02,20.31,162
VISC1,VISALIA,0.67,1.33,6.33,1.24,0.95,2.37,0.36,0.34,0.60,0.00,0.00,0.00,14.19,129
WASC1,WASCO,0.00,0.72,6.02,0.40,0.31,1.37,0.38,0.32,0.81,0.00,0.00,0.00,10.33,141
CCHC1,CACHUMA DAM,2.24,1.42,9.48,1.84,3.36,11.85,0.14,0.42,0.46,0.00,0.00,0.00,31.21,143
JNLC1,JUNCAL DAM,1.49,2.28,14.01,1.73,5.09,10.64,0.08,1.18,0.47,0.00,0.00,0.00,36.97,119
KICC1,KING CITY,0.69,1.32,2.93,1.51,3.77,4.03,0.16,0.37,0.54,0.00,0.00,0.04,15.36,125
PRB,PASO ROBLES,0.72,0.84,5.80,1.53,2.51,4.39,0.30,0.79,0.30,0.00,0.00,0.01,17.19,131
SBA,SANTA BARBARA,2.61,1.10,10.36,1.20,3.81,7.52,0.03,0.55,1.45,0.00,0.00,0.00,28.63,154
SBPC1,SAN LUIS OBISPO,1.70,1.85,9.66,2.56,3.70,7.97,0.28,1.12,1.34,0.03,0.00,0.01,30.22,124
SCRC1,SANTA CRUZ,3.16,4.05,9.40,2.17,5.75,10.87,0.66,1.53,2.35,0.01,0.06,0.05,40.06,131
SMX,SANTA MARIA,1.69,0.94,9.85,1.08,3.00,5.75,0.15,0.38,0.59,0.00,0.00,0.09,23.52,168
BBLC1,BIG BEAR LAKE F.S.,2.11,2.29,15.92,0.72,4.39,2.77,1.40,0.76,0.00,1.88,0.18,1.29,33.71,159
CQT,DOWNTOWN LA,0.94,0.53,10.23,0.79,3.29,3.96,0.00,0.45,0.00,0.00,0.00,0.00,20.19,133
ELPC1,EL CAPITAN DAM,3.74,2.23,9.36,0.73,5.04,2.76,0.54,1.57,0.15,0.10,0.00,0.12,26.34,156
EORC1,ELSINORE,1.61,1.06,11.67,0.70,3.08,2.96,0.46,0.47,0.07,0.09,0.09,0.03,22.29,184
HENC1,HENSHAW DAM,2.40,2.91,15.24,1.93,7.70,4.01,0.54,1.00,0.04,0.16,0.01,0.29,36.23,130
LAX,LA INT'L AIRPORT,1.56,0.59,8.83,0.81,1.47,4.04,0.00,0.53,0.02,0.00,0.00,0.01,17.86,135
LGB,LONG BEACH,1.62,0.60,10.41,1.15,1.60,2.67,0.05,0.66,0.01,0.00,0.00,0.02,18.79,145
LOX,OXNARD,2.23,1.00,9.16,0.78,2.31,6.03,0.07,0.50,0.15,0.00,0.00,0.03,22.26,NA
OJAC1,OJAI,2.15,1.65,10.36,0.55,4.09,6.32,0.16,0.97,0.24,0.00,0.00,0.00,26.49,122
MWS,MOUNT WILSON,2.27,1.89,15.71,0.55,4.84,6.11,0.03,0.49,0.07,0.00,0.00,0.00,31.96,79
SAN,LINDBERGH FIELD,2.18,0.88,5.00,0.30,2.10,1.46,0.26,0.36,0.03,0.00,0.00,0.13,12.70,118
STAC1,SANTA ANA FS,2.66,1.30,9.98,1.02,1.91,1.76,0.00,0.45,0.03,0.00,0.00,0.06,19.17,139
CEDC1,CEDARVILLE,2.82,1.41,3.88,0.61,1.16,3.00,2.82,1.57,1.01,0.00,0.00,0.00,18.28,139
DOLC1,DOYLE 4SSE,2.71,0.49,4.53,0.21,0.99,3.92,0.61,0.64,2.35,0.19,0.00,0.04,16.68,96
FOBC1,FORT BIDWELL,2.44,2.30,5.56,1.17,1.29,5.60,3.86,1.29,1.07,0.00,0.00,0.00,24.58,135
JESC1,JESS VALLEY,4.50,1.74,3.65,0.77,1.59,3.08,4.78,2.97,2.17,0.00,0.00,0.77,26.02,136
Q63,SUTCLIFFE-PYRAMID LK,1.82,0.30,1.69,0.00,1.12,1.08,0.49,0.41,1.21,0.00,0.15,0.08,8.35,109
STDN2,STEAD,3.29,0.45,3.97,0.04,1.91,2.20,0.39,0.59,1.42,0.00,0.00,0.15,14.41,138
WTNN2,WELLINGTON,3.37,0.44,1.70,0.36,0.77,1.22,0.30,0.53,0.71,0.43,0.00,0.11,9.94,NA
BOCC1,BOCA RESERVOIR,5.52,3.90,7.58,0.46,5.07,7.73,1.03,1.71,2.46,0.65,0.03,0.58,36.72,164
BPTC1,BRIDGEPORT,2.34,1.10,4.52,0.73,1.65,1.50,0.49,0.17,1.32,0.45,0.05,0.36,14.68,157
DAGN2,DAGGET PASS,4.04,3.03,4.88,0.54,3.41,4.29,0.45,0.87,1.82,0.49,0.00,0.18,24.00,220
HTHN2,HAWTHORNE,1.27,0.29,0.31,0.07,0.17,0.21,0.07,0.57,0.10,0.17,0.13,0.02,3.38,62
MINN2,MINDEN,3.49,1.20,3.03,0.35,1.29,2.27,0.28,0.44,2.02,0.74,0.04,1.09,16.24,194
RNO,RENO,2.65,0.45,1.39,0.10,1.35,1.28,0.11,0.40,1.35,0.00,0.00,0.03,9.11,122
SRKN2,SPARKS,1.97,0.25,1.56,0.07,1.37,1.32,0.21,0.42,1.38,0.07,0.00,0.00,8.62,116
TAHC1,TAHOE CITY,7.63,6.78,11.40,0.84,5.75,12.73,2.00,2.04,2.12,0.03,0.00,0.46,51.78,159
WABN2,WABUSKA 6SE,1.35,0.16,0.94,0.00,0.18,1.44,0.05,0.33,0.51,0.17,0.11,0.03,5.27,111
YRGN2,YERINGTON,1.61,0.12,0.99,0.00,0.43,0.57,0.02,0.23,0.61,0.11,0.06,0.10,4.85,90
BARC1,BARSTOW,1.13,1.12,7.07,0.01,0.52,0.24,0.07,0.00,0.00,0.20,0.58,0.34,11.28,261
BIH,BISHOP AP,1.33,0.28,5.38,0.02,0.94,1.00,0.02,0.06,0.00,0.08,0.00,0.17,9.28,185
DEVC1,DEATH VALLEY,0.13,0.02,0.78,0.08,0.14,0.10,0.00,0.07,0.00,0.27,0.53,0.09,2.21,95
ELLC1,ELLERY LAKE,6.10,1.77,5.47,3.00,2.17,1.21,1.30,4.80,0.90,0.90,0.00,0.40,28.02,114
FMTC1,FAIRMONT,2.06,1.29,6.80,0.85,3.68,6.89,0.62,0.40,0.12,0.00,0.00,0.18,22.89,140
HEEC1,HAIWEE,1.12,0.14,4.11,0.26,1.01,1.57,0.00,0.03,0.00,0.00,0.08,0.05,8.37,114
INDC1,INDEPENDENCE,0.20,0.20,6.80,0.03,0.07,0.33,0.07,0.09,0.00,0.02,0.15,0.05,8.01,151
IPL,IMPERIAL,1.37,0.00,0.47,0.00,0.64,0.00,0.00,0.00,0.00,0.00,0.00,0.09,2.57,85
LEVC1,LEE VINING,3.73,2.10,8.01,0.73,2.48,3.93,0.46,0.27,0.92,0.27,0.05,0.35,23.30,179
PMD,PALMDALE,1.56,0.27,3.34,0.52,0.69,1.41,0.01,0.01,0.00,0.14,0.00,0.85,8.80,120
B23,BATTLE MOUNTAIN,0.72,1.48,1.74,0.08,0.16,1.93,1.43,1.81,0.42,0.02,0.07,0.11,9.97,114
BOWN2,BEOWAWE,1.32,1.24,1.50,0.16,0.04,1.00,1.07,1.51,0.42,0.00,0.00,0.15,8.41,95
EKO,ELKO,1.87,1.55,2.08,0.19,0.37,1.25,1.55,1.79,0.65,0.10,0.11,0.38,11.89,125
GIBN2,GIBBS RANCH,1.67,1.73,2.60,0.55,0.46,1.37,1.81,1.41,1.04,0.22,0.52,0.37,13.75,128
LOVN2,LOVELOCK,2.06,0.39,0.97,0.09,0.75,1.14,0.37,0.65,0.12,0.02,0.07,0.03,6.66,112
RYPN2,RYE PATCH DAM,1.86,0.70,1.76,0.19,0.90,1.50,0.34,1.01,0.26,0.00,0.00,0.44,8.96,102
SFKN2,SOUTH FORK SP,1.20,1.57,1.52,0.81,0.50,0.99,0.78,1.85,0.40,0.06,0.82,0.41,10.91,NA
WMC,WINNEMUCCA,2.72,1.37,1.59,0.28,1.35,2.06,1.95,1.45,0.66,0.11,0.01,0.15,13.70,164
MCDN2,MCDERMITT,1.72,0.80,1.48,0.25,0.66,1.40,1.62,2.38,1.33,0.14,0.02,0.01,11.81,128
ORVN2,OROVADA 4WSW,3.21,0.83,3.21,0.22,0.67,2.05,1.48,1.73,1.01,0.24,0.02,0.02,14.69,139
ARTN2,ARTHUR 4NW,3.58,3.52,3.95,0.45,0.39,3.04,2.87,1.47,0.70,0.37,0.50,0.13,20.97,141
BLEN2,BLUE EAGLE RANCH,1.73,1.00,1.25,0.10,0.25,0.83,0.76,1.41,0.16,1.00,0.22,0.47,9.18,105
DYRN2,DYER,2.42,0.21,0.40,0.07,0.65,1.04,0.27,0.19,0.00,0.05,0.37,0.39,6.06,118
EKAN2,EUREKA,1.94,2.12,0.95,0.02,1.74,1.03,1.86,2.39,0.60,0.46,0.97,0.58,14.66,122
ELY,ELY,1.33,1.65,3.33,0.27,1.13,1.02,2.07,2.67,0.20,1.50,0.07,1.33,16.57,167
MCGN2,MCGILL,1.39,1.78,3.05,0.32,1.48,0.57,1.42,2.98,0.17,0.48,0.22,1.27,15.13,173
MNAN2,MINA,4.27,0.00,1.00,0.00,0.38,0.28,0.04,0.17,0.10,0.18,0.02,0.47,6.91,114
OASN2,OASIS,1.93,0.70,2.36,0.07,0.29,0.92,1.37,1.99,0.48,0.33,0.73,0.40,11.57,143
PAHN2,PAHRUMP,0.72,0.25,3.11,0.44,0.45,0.23,0.00,0.14,0.00,0.01,0.00,0.24,5.59,108
SLVN2,SILVERPEAK,1.52,0.49,0.64,0.07,0.03,0.25,1.60,0.22,0.12,0.29,0.53,0.75,6.51,138
TPH,TONOPAH,0.89,0.87,0.58,0.12,0.24,0.47,0.06,0.36,0.00,0.64,0.00,0.66,4.89,84
AWH,WILDHORSE RESERVOIR,1.82,2.37,2.78,0.53,1.00,2.23,2.47,1.24,0.90,0.05,0.25,0.17,15.81,120
OLEO3,ODELL LAKE,3.84,6.12,11.38,3.52,3.42,7.08,2.56,1.86,0.82,0.90,0.11,0.23,41.84,128
TUSN2,TUSCARORA,1.88,2.60,3.62,0.52,0.67,2.08,1.89,1.00,1.18,0.06,0.43,0.19,16.12,135
BLH,BLYTHE,0.27,0.00,0.57,0.00,1.17,0.06,0.00,0.00,0.00,1.64,0.00,0.09,3.80,95
BULA3,BULLHEAD CITY,1.20,0.00,2.38,0.00,0.17,0.06,0.05,0.00,0.00,0.00,0.00,1.65,5.51,94
EED,NEEDLES,0.37,0.00,1.20,0.00,0.72,0.08,0.09,0.45,0.00,0.17,0.04,1.10,4.22,83
HIKN2,HIKO,2.16,0.34,4.02,0.10,0.59,0.62,0.08,0.49,0.00,0.78,0.27,0.43,9.88,172
LAUN2,LAUGHLIN,1.01,0.06,1.47,0.00,1.43,0.15,0.15,0.00,0.00,0.25,0.00,1.11,5.63,134
LAVU1,LA VERKIN,2.71,1.28,6.07,0.06,2.26,1.55,1.56,0.78,0.00,0.22,0.04,1.31,17.84,149
LHCA3,LAKE HAVASU CITY,0.60,0.00,1.03,0.02,1.16,0.05,0.26,0.13,0.00,0.91,0.00,0.80,4.96,NA
LUNN2,LUND,1.51,1.16,2.91,0.10,0.91,0.74,1.37,2.45,0.11,1.08,0.09,1.09,13.52,123
PWMN2,PAHRANAGAT WILDLIFE REF,0.35,1.08,0.38,0.10,0.15,0.84,0.04,0.95,0.00,0.48,0.48,0.50,5.35,81
SGUU1,ST. GEORGE,2.54,0.61,4.56,0.02,1.26,0.54,0.36,0.27,0.00,1.11,0.00,0.40,11.67,133
SPVN2,SPRING VALLEY STATE PA,2.94,0.91,6.62,0.03,0.87,0.85,0.45,1.26,0.00,0.06,0.98,1.32,16.29,133
SRCN2,SEARCHLIGHT,1.98,0.07,5.41,0.00,1.51,0.15,0.13,0.18,0.00,0.29,0.24,0.75,10.71,129
SUNN2,SUNNYSIDE,1.76,0.05,2.57,0.24,0.02,0.42,1.01,1.26,0.90,0.90,0.24,0.90,10.27,99
VEF,LAS VEGAS,1.25,0.04,1.90,0.03,0.06,0.24,0.00,0.07,0.00,0.40,0.02,0.72,4.73,103
VOFN2,VALLEY FO FIRE SP,1.95,0.06,4.12,0.01,1.97,0.40,0.05,0.34,0.00,0.23,0.00,0.43,9.56,147
LENN2,GREAT BASIN N P,2.61,2.34,4.23,0.44,2.10,1.16,2.00,2.97,0.31,1.02,0.44,0.78,20.40,150
EMRU1,ENTERPRISE,3.62,1.65,8.82,0.14,1.52,1.63,0.60,1.21,0.26,0.90,0.21,0.97,21.53,146
